candidate,kind,year,sharpe_excess,sharpe_zero_rf,cagr,max_drawdown,average_exposure,annual_turnover,positive_year_fraction,worst_year_sharpe,days
ridge_h5,inventory,2017,0.18797521409679346,0.2351565939772736,0.027248116991843485,-0.1056541770198921,-0.3379362557359549,33.728570511691366,1.0,0.18797521409679346,251
ridge_h5,inventory,2018,-0.09125064078609976,0.2031500630398063,0.011204642464308634,-0.07300772438579595,0.013205503240855024,8.86905996906243,0.0,-0.09125064078609976,251
ridge_h5,inventory,2019,-0.3748179664058047,-0.2439166584823803,-0.05166008915869491,-0.11540349325309873,-0.3033704886316772,25.19941492273611,0.0,-0.3748179664058047,252
ridge_h5,inventory,2020,1.1415435066893729,1.2085921164332287,0.08407243028297628,-0.03100266746865188,-0.018342710745898824,2.009344800571654,1.0,1.1415435066893729,253
ridge_h5,inventory,2021,1.0921387569066947,1.0951744393296095,0.1560405455039069,-0.08449970762500358,0.15557663660361537,13.781524513624763,1.0,1.0921387569066947,252
ridge_h5,inventory,2022,1.9809147514541419,2.1936993650295187,0.20951208349939332,-0.04459021927322626,0.11889182686502518,10.729224141635472,1.0,1.9809147514541419,251
ridge_h5,inventory,2023,-0.4648909312463263,0.0949273038971152,0.004480134718659157,-0.09397770426524732,0.0758547467455801,6.22559097233414,0.0,-0.4648909312463263,250
ridge_h5,inventory,2024,0.471584951317552,0.9525157806093207,0.10295611834680529,-0.08089767132928238,0.17526549718196924,18.84430665555608,1.0,0.471584951317552,252
ridge_h5,inventory,2025,0.0,26.26268879030173,0.04368464671397354,0.0,0.0,0.0,0.0,0.0,248
ridge_h5,portfolio,2017,0.2682679901516654,0.39403590090444235,0.025797417693459,-0.0375289102776154,-0.1225880672319331,13.474628113500113,1.0,0.2682679901516654,251
ridge_h5,portfolio,2018,0.9559857164926274,1.3973427201693815,0.06189216277838305,-0.04546652644347915,0.12916890042041174,6.701544283759091,1.0,0.9559857164926274,251
ridge_h5,portfolio,2019,-0.2692541332832417,0.10626271504183099,0.004453896474175378,-0.04051155856365951,-0.08094217694515415,11.147129699000782,0.0,-0.2692541332832417,252
ridge_h5,portfolio,2020,0.8836444326116996,0.9731186542684536,0.05032821955405353,-0.03471412791813144,0.10189316918433292,2.329300296341868,1.0,0.8836444326116996,253
ridge_h5,portfolio,2021,2.1990613247483153,2.2035363782504356,0.23020848243116254,-0.05093827121647154,0.28839728497472283,8.47779358033883,1.0,2.1990613247483153,252
ridge_h5,portfolio,2022,1.8035911882037217,2.1413159670992705,0.12423277689272583,-0.025483827328859898,0.12011396999592046,6.599756226148678,1.0,1.8035911882037217,251
ridge_h5,portfolio,2023,-0.007728413757150771,1.1155051585067666,0.05249819300241865,-0.049869936320891206,0.058860938845838956,3.5627308709638483,0.0,-0.007728413757150771,250
ridge_h5,portfolio,2024,-0.03644377195017316,0.814657325173686,0.04949661900421587,-0.05057137164402703,0.13105463728248704,9.069853542735542,0.0,-0.03644377195017316,252
ridge_h5,portfolio,2025,1.0531775750023649,2.4560765672461238,0.07703403572620826,-0.029036450819231785,0.04340481762187575,1.8411278896204846,1.0,1.0531775750023649,248
ridge_h21,inventory,2017,-0.36549791986784325,-0.30533207138218954,-0.05459747175133678,-0.17416101633038994,-0.34448823759079805,25.547448285785794,0.0,-0.36549791986784325,251
ridge_h21,inventory,2018,2.9279402766898492,3.0749555360753473,0.48458334270334347,-0.05821263714913849,-0.17379470428083132,18.12022997769896,1.0,2.9279402766898492,251
ridge_h21,inventory,2019,-0.24881186724127277,-0.10496378655796738,-0.026229110915610532,-0.14843745271773223,-0.3634342306067515,17.638415238181132,0.0,-0.24881186724127277,252
ridge_h21,inventory,2020,2.2768636847423847,2.320709211714806,0.2712460801258625,-0.032388559938732575,-0.034184947740288775,3.595031622681876,1.0,2.2768636847423847,253
ridge_h21,inventory,2021,1.4443248401054496,1.4470736701284563,0.238952035652799,-0.0654247526401931,0.3162388863609531,16.60436665719685,1.0,1.4443248401054496,252
ridge_h21,inventory,2022,2.1456679396292975,2.2713298208814248,0.39057788074427546,-0.07720489751739956,0.22276479515364284,16.685822956750545,1.0,2.1456679396292975,251
ridge_h21,inventory,2023,-0.11424896129381856,0.35827463238190455,0.03428843519134417,-0.09766994268411011,0.17852438624290384,14.622948641041955,0.0,-0.11424896129381856,250
ridge_h21,inventory,2024,0.7203152989487067,1.101504020460488,0.15302771968705864,-0.14799125675164393,0.36139454273030347,30.27278854861875,1.0,0.7203152989487067,252
ridge_h21,inventory,2025,-0.34738464313115963,0.1270855075082437,0.007363783783731925,-0.12998776308514337,0.0835466191730152,9.20172344029027,0.0,-0.34738464313115963,248
ridge_h21,portfolio,2017,-0.2644835523301139,-0.10315787608694778,-0.007193804337562559,-0.06320440674174654,-0.1250450604274993,10.225889768714602,0.0,-0.2644835523301139,251
ridge_h21,portfolio,2018,3.279984787179593,3.61685856242963,0.22918042921624826,-0.0354099110158016,0.05904382259977939,10.05952957440716,1.0,3.279984787179593,251
ridge_h21,portfolio,2019,-0.1185350158579797,0.3269418648115999,0.014671053374666343,-0.05466593619457949,-0.10346608018580702,8.28688884193161,0.0,-0.1185350158579797,252
ridge_h21,portfolio,2020,1.8915705851426616,1.9745128765108304,0.11615098037004223,-0.03471412791813244,0.09595233031143667,2.899252509197608,1.0,1.8915705851426616,253
ridge_h21,portfolio,2021,2.2294168761884805,2.2334440875510415,0.26228506980711175,-0.0522609044264587,0.3486456286337245,9.312021134229653,1.0,2.2294168761884805,252
ridge_h21,portfolio,2022,1.9918332762676618,2.23249960495117,0.18652152124406496,-0.04756265189633768,0.15906633310415208,8.641211411585568,1.0,1.9918332762676618,251
ridge_h21,portfolio,2023,0.21956120396615522,1.238744765768292,0.06454764610815245,-0.04373678136081738,0.09736205365733536,6.736963503435126,1.0,0.21956120396615522,250
ridge_h21,portfolio,2024,0.20588944022028194,0.9028416112908221,0.06734995819512135,-0.09028128875976638,0.2008530293631124,13.276646115521736,1.0,0.20588944022028194,252
ridge_h21,portfolio,2025,0.3845384757006434,1.1872296278228605,0.06370862748852435,-0.06896415810735557,0.07473479981175644,4.961131568418284,1.0,0.3845384757006434,248
boosting_h5,inventory,2017,0.9206007578682395,0.9864893411982547,0.13287137429022455,-0.11701431403522289,-0.3931867825254615,17.69935175847333,1.0,0.9206007578682395,251
boosting_h5,inventory,2018,-0.12337590048431832,0.016822159541124444,-0.007047570377981871,-0.156021180974109,0.08283833855407902,27.529811707063814,0.0,-0.12337590048431832,251
boosting_h5,inventory,2019,-0.8221108464817986,-0.6847111779129476,-0.11215841932974424,-0.17561343396371676,-0.2980689598941676,16.291901104891107,0.0,-0.8221108464817986,252
boosting_h5,inventory,2020,0.672945100485359,0.6959514681513242,0.12604065561809086,-0.15328897771614425,-0.1484982008033899,4.787041537988113,1.0,0.672945100485359,253
boosting_h5,inventory,2021,1.1533972120313083,1.1570606347759798,0.1369321750564223,-0.058592146533782086,-0.052058376423519466,13.196667668228201,1.0,1.1533972120313083,252
boosting_h5,inventory,2022,0.8095941393841409,0.941326194241398,0.1310395773284232,-0.09811143021388002,-0.06023228351622853,10.806855738957676,1.0,0.8095941393841409,251
boosting_h5,inventory,2023,-1.0594511913780629,-0.5714975368702503,-0.06562355835646361,-0.15041592037080576,-0.0614327790041735,16.528223453303184,0.0,-1.0594511913780629,250
boosting_h5,inventory,2024,-0.8807564417310147,-0.4287391188393988,-0.05514492730205911,-0.14705458261613746,0.0009904541476105572,14.004488567172427,0.0,-0.8807564417310147,252
boosting_h5,inventory,2025,0.5081274323540237,1.1510775990220692,0.07721350582255271,-0.040791547078711465,-0.09095162345463302,9.099841291555895,1.0,0.5081274323540237,248
boosting_h5,portfolio,2017,1.0345793404004495,1.2107224700348052,0.06206193848252606,-0.044279795797132815,-0.14330701477799812,7.2347916227862115,1.0,1.0345793404004495,251
boosting_h5,portfolio,2018,0.5967389624907895,0.8960974075464258,0.05707631135476565,-0.06785615402952505,0.15528121366287073,13.814229534946096,1.0,0.5967389624907895,251
boosting_h5,portfolio,2019,-0.7458790141302338,-0.3446705118571321,-0.019634178618659015,-0.05508550346034602,-0.07895410366858807,7.670463950879904,0.0,-0.7458790141302338,252
boosting_h5,portfolio,2020,0.8149345935514133,0.8707038669078688,0.07018136554678267,-0.0788105940491809,0.053084860412773764,3.4597372375494317,1.0,0.8149345935514133,253
boosting_h5,portfolio,2021,2.9873404440272777,2.993581982835157,0.2249281821749447,-0.030038267122602047,0.21053415508954726,7.9185372507906004,1.0,2.9873404440272777,252
boosting_h5,portfolio,2022,1.276663445146554,1.5818295426643603,0.09909251431084476,-0.028119855898395052,0.052942428602950314,6.669392038064255,1.0,1.276663445146554,251
boosting_h5,portfolio,2023,-0.5776604946368956,0.5615817887566417,0.025292639525552163,-0.04049111823147711,0.0073781166896813525,7.505525434471395,0.0,-0.5776604946368956,250
boosting_h5,portfolio,2024,-1.049755331605431,-0.12829154991521138,-0.008892076950704375,-0.07248857698103539,0.06570149614460254,7.2740885202354395,0.0,-1.049755331605431,252
boosting_h5,portfolio,2025,1.1777585727182176,2.294602118816079,0.0908576502975238,-0.029036450819231563,0.00929795882638836,5.1386681070583995,1.0,1.1777585727182176,248
boosting_h21,inventory,2017,-1.1390183450020996,-1.0594810948893478,-0.11702290238398683,-0.14140374965852665,-0.3190449010680238,14.382829093307333,0.0,-1.1390183450020996,251
boosting_h21,inventory,2018,-1.9525875373369983,-1.7928220114945186,-0.2005651681098929,-0.2335582797100968,-0.18777133605690202,20.625569664314956,0.0,-1.9525875373369983,251
boosting_h21,inventory,2019,-0.9469147905728424,-0.8008391994552182,-0.1204638729203451,-0.1923759311408757,-0.32506875451374656,8.73784384371045,0.0,-0.9469147905728424,252
boosting_h21,inventory,2020,2.0336698124005106,2.053092751211151,0.5431909428638422,-0.13894419035486938,-0.21073573497031473,4.394043587230458,1.0,2.0336698124005106,253
boosting_h21,inventory,2021,-0.46508881570866956,-0.46166664184251477,-0.0635645552326396,-0.14721720574113706,-0.214221325125869,9.851566865964708,0.0,-0.46508881570866956,252
boosting_h21,inventory,2022,-0.49534239418869763,-0.39281057128930275,-0.08419944017058256,-0.17573047892788196,-0.054657989154020134,12.785658054638464,0.0,-0.49534239418869763,251
boosting_h21,inventory,2023,-0.9075423123936704,-0.4144957926942918,-0.04852345692891191,-0.12548749766677503,-0.14030072936407612,11.393400873187012,0.0,-0.9075423123936704,250
boosting_h21,inventory,2024,-0.3572748166217598,0.09107833303340077,0.003881548031671622,-0.12621911616776993,-0.054135052075695536,14.344875590369607,0.0,-0.3572748166217598,252
boosting_h21,inventory,2025,0.13208326810428206,0.4000090134877629,0.05266055976788264,-0.10561520072329489,-0.12163666422568747,14.123489390189691,1.0,0.13208326810428206,248
boosting_h21,portfolio,2017,-1.0076322469712307,-0.7940605970992487,-0.03331829397065467,-0.05218737800822193,-0.11550380923145896,5.994888598386887,0.0,-1.0076322469712307,251
boosting_h21,portfolio,2018,-0.8999189108592798,-0.4895639445123292,-0.023760498304497557,-0.05002276418839813,0.053802585683752846,10.95586250594828,0.0,-0.8999189108592798,251
boosting_h21,portfolio,2019,-0.923394962085354,-0.4715267658914463,-0.02322507229487747,-0.06312176999711072,-0.08907902665093016,4.9085763795414294,0.0,-0.923394962085354,252
boosting_h21,portfolio,2020,2.2626198735555523,2.315068827734228,0.20724676164764388,-0.04954860455690402,0.029745785100176947,3.292304322969609,1.0,2.2626198735555523,253
boosting_h21,portfolio,2021,2.1200297410006685,2.1268099046368794,0.14054725960718217,-0.03982665766730875,0.1497230493261662,6.906100019211384,1.0,2.1200297410006685,252
boosting_h21,portfolio,2022,0.023645922734632032,0.25761689275520194,0.017501671966064558,-0.05909272667414589,0.055032788988778475,7.2864987420160165,1.0,0.023645922734632032,251
boosting_h21,portfolio,2023,-0.4768641506296087,0.8348760751853892,0.0332171160298973,-0.036539817559768095,-0.02219736469528212,5.553868269721712,0.0,-0.4768641506296087,250
boosting_h21,portfolio,2024,-0.5794804994952323,0.250277493104555,0.013910625422962175,-0.08054235217989747,0.04502943131086277,7.215193146500844,0.0,-0.5794804994952323,252
boosting_h21,portfolio,2025,0.8168938516416107,1.6664376804039471,0.08610230848354905,-0.0245001404136439,-0.0022089314627570583,6.998335883586326,1.0,0.8168938516416107,248
adaptive_h5,inventory,2017,1.1333336967295313,1.2047706410718242,0.1538360727237833,-0.08609126859132876,-0.25182917560824963,18.312777906225246,1.0,1.1333336967295313,251
adaptive_h5,inventory,2018,1.8113341241526184,1.9357371101068261,0.3326038598701455,-0.08279258376913923,0.1850434819942161,26.660507364709776,1.0,1.8113341241526184,251
adaptive_h5,inventory,2019,-0.6617870496690389,-0.48704144918711123,-0.06511393716429559,-0.13428636776525193,-0.10078646044601759,14.799723785620102,0.0,-0.6617870496690389,252
adaptive_h5,inventory,2020,1.522240469008772,1.5384423475495985,0.4779102854273727,-0.16724321907377515,-0.17137029847056573,9.064321735891403,1.0,1.522240469008772,253
adaptive_h5,inventory,2021,2.030836255081018,2.0346347798479534,0.2490668499288784,-0.05536225567733688,0.17219822783622804,10.338620626505845,1.0,2.030836255081018,252
adaptive_h5,inventory,2022,1.9506677092164846,2.058090827290541,0.41519196139871384,-0.12472704405002344,0.18048046902672674,13.035558546309206,1.0,1.9506677092164846,251
adaptive_h5,inventory,2023,-1.3690373946748444,-0.8726063938321874,-0.09380512758501791,-0.1530793803210807,0.10446839689177664,13.229180957502946,0.0,-1.3690373946748444,250
adaptive_h5,inventory,2024,-0.5979796918997625,-0.18292376536923827,-0.03061155017125472,-0.1397977160363708,-0.12115022319639607,18.39009324403345,0.0,-0.5979796918997625,252
adaptive_h5,inventory,2025,0.5551065388096529,0.8409215823822089,0.12136441138561294,-0.17465335401188364,-0.056777013810886665,24.44245366536031,1.0,0.5551065388096529,248
adaptive_h5,portfolio,2017,1.2517191005482362,1.4419200942156043,0.06901768239563566,-0.031827818434427946,-0.09029791218404366,7.453276964887146,1.0,1.2517191005482362,251
adaptive_h5,portfolio,2018,1.94130821818836,2.1913195001044903,0.18034566739685287,-0.049442610245318375,0.19360814245292213,13.264970401086146,1.0,1.94130821818836,251
adaptive_h5,portfolio,2019,-0.4695353917824008,-0.02493580233825541,-0.002355383498111263,-0.03931194354365375,-0.00497316637553182,7.069719405416423,0.0,-0.4695353917824008,252
adaptive_h5,portfolio,2020,1.6928290391592153,1.736268596632536,0.19097646744067243,-0.053677106204335745,0.04450782378758283,4.949991087512902,1.0,1.6928290391592153,253
adaptive_h5,portfolio,2021,2.5822993391396722,2.5869235093390253,0.26506104290183874,-0.0512940883539974,0.2946303816869526,7.018701982971756,1.0,2.5822993391396722,252
adaptive_h5,portfolio,2022,2.0108210892251948,2.2430695850465363,0.1959042074732975,-0.04869128033763348,0.1432097108065586,7.4119530189935166,1.0,2.0108210892251948,251
adaptive_h5,portfolio,2023,-0.8042057594060559,0.3003301453749288,0.01330604250943801,-0.04631068076779099,0.06959105765066266,6.259985115167822,0.0,-0.8042057594060559,250
adaptive_h5,portfolio,2024,-0.8563047277775331,0.057656697006568156,0.0016679279843843098,-0.07893747420054875,0.019898742140600056,8.853162601316729,0.0,-0.8563047277775331,252
adaptive_h5,portfolio,2025,1.1181716609788044,1.86810196003622,0.11032865009417825,-0.031629717802081014,0.022113437442793253,10.977399788787746,1.0,1.1181716609788044,248
adaptive_h21,inventory,2017,0.17050562447624162,0.24706201167561131,0.022290687211654614,-0.1176122525514458,-0.35795759896911955,12.917222487706919,1.0,0.17050562447624162,251
adaptive_h21,inventory,2018,0.4275770397276143,0.5638848391401776,0.0721601895654016,-0.09433951934676854,0.14495589942376572,26.99397249622941,1.0,0.4275770397276143,251
adaptive_h21,inventory,2019,-1.6624765779581203,-1.5147592331668698,-0.20656131399499622,-0.2719936886113241,-0.032504815143044756,12.486889829272831,0.0,-1.6624765779581203,252
adaptive_h21,inventory,2020,1.2277130602980586,1.2549737426013097,0.21863734294568915,-0.18173557299334764,-0.19043421481921452,7.120334881457365,1.0,1.2277130602980586,253
adaptive_h21,inventory,2021,0.900669163036404,0.9039944620880058,0.11431811338425568,-0.08828022275530367,0.12774585016572687,7.5565159735714875,1.0,0.900669163036404,252
adaptive_h21,inventory,2022,1.4357399537301239,1.5486312962839368,0.2753163404884742,-0.1154961285043472,0.14614413108290808,9.807136505134158,1.0,1.4357399537301239,251
adaptive_h21,inventory,2023,-1.397080870019523,-0.8393516752781327,-0.08030302855265736,-0.11910147170361007,0.06409180971609962,12.72300390845158,0.0,-1.397080870019523,250
adaptive_h21,inventory,2024,0.29669538563959225,0.6692790772577747,0.08804566747946674,-0.09281406103887568,-0.28233991156346666,19.277520027254432,1.0,0.29669538563959225,252
adaptive_h21,inventory,2025,1.8251371387273934,2.1025846613893204,0.3655666401091384,-0.07363777623352585,-0.2790272972887381,18.685862486424945,1.0,1.8251371387273934,248
adaptive_h21,portfolio,2017,0.30479803971554825,0.5106814891884163,0.021429036800409085,-0.04232502103549729,-0.13009607094436987,5.398049567390345,1.0,0.30479803971554825,251
adaptive_h21,portfolio,2018,0.9116950013556817,1.1729084982937044,0.0874663718858919,-0.07088550745156641,0.1785752989890032,13.227164463014594,1.0,0.9116950013556817,251
adaptive_h21,portfolio,2019,-1.3701953876173605,-1.0155363591983086,-0.061381382095260006,-0.11222514258087424,0.020632450613082998,6.286840753252571,0.0,-1.3701953876173605,252
adaptive_h21,portfolio,2020,1.6351940052548033,1.7150353607564057,0.10308177072479552,-0.059979322812002134,0.03735885515683954,4.147663582112745,1.0,1.6351940052548033,253
adaptive_h21,portfolio,2021,2.1786405660001265,2.183376438900465,0.21372632360661092,-0.06529851824911181,0.27796074006051463,5.913575835865391,1.0,2.1786405660001265,252
adaptive_h21,portfolio,2022,1.6301706204690147,1.8753658674164313,0.15040865119257574,-0.048276592405249286,0.13033358407762657,6.003287832720449,1.0,1.6301706204690147,251
adaptive_h21,portfolio,2023,-0.7819788500156334,0.48189490435734966,0.019428195640527113,-0.04306557082982976,0.054449837459783774,5.785657146686118,0.0,-0.7819788500156334,250
adaptive_h21,portfolio,2024,-0.09167697912872791,0.784777431098483,0.04623934389285567,-0.04577798706876568,-0.040547390997051416,9.27260426535581,0.0,-0.09167697912872791,252
adaptive_h21,portfolio,2025,2.472585015849486,3.229385965023019,0.19702359342613973,-0.022556877774437156,-0.06123041886140103,8.564445141403116,1.0,2.472585015849486,248
