candidate,features,horizon,kind,sharpe_excess,sharpe_zero_rf,cagr,max_drawdown,average_exposure,annual_turnover,positive_year_fraction,worst_year_sharpe,days,information_ratio_USO,active_fraction
ridge_h5,7,5,inventory,0.3710147126435352,0.5832866391247328,0.06263637816083123,-0.15788025341060352,-0.013460059684372336,13.283966594252632,0.5555555555555556,-0.4648909312463263,2260,0.06473414716546523,0.15
ridge_h5,7,5,portfolio,0.8034249161379496,1.2139716280699464,0.07335413524656209,-0.05279050408863917,0.0744971029660369,7.030281970344979,0.6666666666666666,-0.2692541332832417,2260,0.08589248828239587,0.6123893805309735
ridge_h21,7,21,inventory,0.9521666687013304,1.136605496990302,0.1531239752628657,-0.17459194647370346,0.02730310156160235,16.926531031927976,0.5555555555555556,-0.36549791986784325,2260,0.28029580818867006,0.3663716814159292
ridge_h21,7,21,portfolio,1.1852837764060982,1.5509490325766062,0.10735221893996871,-0.09028128875976671,0.0897832884332774,8.269618072650074,0.7777777777777778,-0.2644835523301139,2260,0.17571115089629455,0.7287610619469026
boosting_h5,44,5,inventory,0.14749842943115896,0.3290539100693057,0.036042670471356564,-0.2578123903031583,-0.1134878314501326,14.435942160541755,0.5555555555555556,-1.0594511913780629,2260,0.005578852652204182,0.31902654867256636
boosting_h5,44,5,portfolio,0.6735102030063295,1.0873699345396504,0.06466489905354567,-0.07881059404918278,0.03698668855387678,7.409249952359989,0.6666666666666666,-1.049755331605431,2260,0.05991626380826309,0.6880530973451328
boosting_h21,44,21,inventory,-0.2329468661766476,-0.06781669132935449,-0.02074009234301888,-0.4422849520711829,-0.18098689380741284,12.28248540801851,0.2222222222222222,-1.9525875373369983,2260,-0.11082642685148318,0.45353982300884954
boosting_h21,44,21,portfolio,0.3387675284906315,0.752834753656305,0.043770189023301764,-0.12954324904968062,0.011674540169896698,6.564639025269566,0.4444444444444444,-1.0076322469712307,2260,0.006823420355026167,0.7185840707964601
adaptive_h5,44,5,inventory,0.8417153402992473,0.9967951073065979,0.15670675119851007,-0.2548376421098365,-0.006777428296363558,16.45649700665756,0.6666666666666666,-1.3690373946748444,2260,0.26861974969670915,0.4230088495575221
adaptive_h5,44,5,portfolio,1.158808364771989,1.5049568953357746,0.10998691372248115,-0.07893747420054864,0.07700308973654017,8.13349497061256,0.6666666666666666,-0.8563047277775331,2260,0.17595107335475355,0.7013274336283186
adaptive_h21,44,21,inventory,0.46237008984220407,0.6356374970784877,0.0832228386829692,-0.33846924049814575,-0.07313532753105972,14.16126730606043,0.7777777777777778,-1.6624765779581203,2260,0.11390163388979793,0.5
adaptive_h21,44,21,portfolio,0.8917139042832782,1.2741416818040592,0.08290766880912925,-0.14004778822358166,0.05211887752352911,7.173765836719421,0.6666666666666666,-1.3701953876173605,2260,0.10869309758288931,0.738495575221239
