year,ridge_h21,adaptive_h5,adaptive_h21,ridge_h5,boosting_h5,boosting_h21
2017,-0.2644835523301139,1.2517191005482362,0.3047980397155482,0.2682679901516654,1.0345793404004495,-1.0076322469712309
2018,3.279984787179593,1.94130821818836,0.9116950013556816,0.9559857164926274,0.5967389624907895,-0.8999189108592798
2019,-0.1185350158579797,-0.4695353917824008,-1.3701953876173605,-0.2692541332832417,-0.7458790141302338,-0.923394962085354
2020,1.8915705851426616,1.6928290391592151,1.6351940052548033,0.8836444326116996,0.8149345935514133,2.2626198735555523
2021,2.2294168761884805,2.582299339139672,2.1786405660001265,2.1990613247483153,2.9873404440272777,2.1200297410006685
2022,1.9918332762676616,2.0108210892251948,1.6301706204690147,1.8035911882037217,1.276663445146554,0.023645922734632
2023,0.2195612039661552,-0.8042057594060559,-0.7819788500156334,-0.0077284137571507,-0.5776604946368956,-0.4768641506296087
2024,0.2058894402202819,-0.8563047277775331,-0.0916769791287279,-0.0364437719501731,-1.049755331605431,-0.5794804994952323
2025,0.3845384757006434,1.1181716609788044,2.472585015849486,1.0531775750023649,1.1777585727182176,0.8168938516416107
