candidate,year,sharpe_excess,sharpe_zero_rf,cagr,max_drawdown,average_exposure,annual_turnover,positive_year_fraction,worst_year_sharpe,days
improved_existing_h0_inventory,2017,-0.24807491983902,-0.18910796925796566,-0.03917171538879971,-0.19905605662399573,-0.3511798004710495,27.396347194397556,0.0,-0.24807491983902,251
improved_existing_h0_inventory,2018,2.206132975154904,2.331624668254706,0.41264195547736615,-0.08666827222958973,-0.2873297165303369,25.564379693558756,1.0,2.206132975154904,251
improved_existing_h0_inventory,2019,-0.6533015813431657,-0.5306159856766758,-0.10195805282115655,-0.1585044884722786,-0.4797368098254065,14.955584446910217,0.0,-0.6533015813431657,252
improved_existing_h0_inventory,2020,2.4051846047740364,2.435717585155257,0.41725340580178183,-0.10254448486781875,-0.08673281874481609,8.141773321818272,1.0,2.4051846047740364,253
improved_existing_h0_inventory,2021,1.3568942613865238,1.3592742334088936,0.25820836488817256,-0.11646401388522354,0.47870315078716363,14.07339268533541,1.0,1.3568942613865238,252
improved_existing_h0_inventory,2022,1.4003556054605224,1.5087981578090273,0.2803908936168822,-0.11017951717962482,0.3152392065151508,14.868546575772681,1.0,1.4003556054605224,251
improved_existing_h0_inventory,2023,-0.16887303834383702,0.27639900773726356,0.026034018371166257,-0.09959651772214095,0.2311193679709453,16.669795708317682,0.0,-0.16887303834383702,250
improved_existing_h0_inventory,2024,0.7184711197916872,1.061119829684863,0.16315490559575818,-0.14373081559393397,0.48425883184216684,24.816873200540826,1.0,0.7184711197916872,252
improved_existing_h0_inventory,2025,-0.25899289148100585,0.11757122263935889,0.0068850095535766265,-0.1534253983852537,0.19967957701755576,18.55546168841201,0.0,-0.25899289148100585,248
improved_existing_h0_blend,2017,-0.14757893278955397,-0.029009177602426446,-0.004984425148413463,-0.0994590971672632,-0.17007252867679146,14.508986660252235,0.0,-0.14757893278955397,251
improved_existing_h0_blend,2018,2.9118280527000064,3.1551662282346205,0.28005324980983426,-0.050519454476600334,0.02195759067495303,16.941578901547864,1.0,2.9118280527000064,251
improved_existing_h0_blend,2019,-0.5941273900932761,-0.31461548748531215,-0.026605295737109014,-0.07988969014754221,-0.19610606319040352,9.713327943013441,0.0,-0.5941273900932761,252
improved_existing_h0_blend,2020,2.506041733502585,2.5739287819225902,0.18575082403806475,-0.026614713065847506,0.0009979462699342032,4.7867976907859315,1.0,2.506041733502585,253
improved_existing_h0_blend,2021,1.9961730259837067,1.999755768472945,0.2630810330144653,-0.0764928154789386,0.3744078443360437,9.602941266048031,1.0,1.9961730259837067,252
improved_existing_h0_blend,2022,1.412993557823691,1.5708295852023835,0.1969871920329609,-0.08374283942219363,0.25832564981962336,10.513972560775914,1.0,1.412993557823691,251
improved_existing_h0_blend,2023,0.1669348643616873,0.9043949729765638,0.06389292487001996,-0.052425071624313424,0.15611356240713453,9.705323921265768,1.0,0.1669348643616873,250
improved_existing_h0_blend,2024,0.23146576122130158,0.694772254634162,0.07502915101506558,-0.12019850627952033,0.3292361837067482,14.932532520829882,1.0,0.23146576122130158,252
improved_existing_h0_blend,2025,0.32492523341681884,0.8110651710185767,0.06974538082199166,-0.10136644532176708,0.15771287867127887,11.194060909070236,1.0,0.32492523341681884,248
improved_existing_h0.25_inventory,2017,-0.3654979198678425,-0.3053320713821889,-0.05459747175133656,-0.17416101633038972,-0.34448823759079805,25.547448285785787,0.0,-0.3654979198678425,251
improved_existing_h0.25_inventory,2018,2.927940276689851,3.074955536075349,0.4845833427033437,-0.05821263714913849,-0.1737947042808312,18.120229977698948,1.0,2.927940276689851,251
improved_existing_h0.25_inventory,2019,-0.24881186724127513,-0.10496378655796966,-0.026229110915610976,-0.14843745271773212,-0.36343423060675145,17.638415238181125,0.0,-0.24881186724127513,252
improved_existing_h0.25_inventory,2020,2.2768636847423847,2.320709211714806,0.2712460801258625,-0.032388559938732575,-0.03418494774028877,3.5950316226818755,1.0,2.2768636847423847,253
improved_existing_h0.25_inventory,2021,1.4443248401054483,1.4470736701284546,0.23895203565279832,-0.06542475264019265,0.31623888636095265,16.604366657196817,1.0,1.4443248401054483,252
improved_existing_h0.25_inventory,2022,2.145667939629297,2.2713298208814243,0.3905778807442757,-0.07720489751739945,0.22276479515364275,16.68582295675054,1.0,2.145667939629297,251
improved_existing_h0.25_inventory,2023,-0.11424896129382062,0.35827463238190266,0.03428843519134395,-0.09766994268411011,0.17852438624290368,14.622948641041948,0.0,-0.11424896129382062,250
improved_existing_h0.25_inventory,2024,0.7203152989487047,1.1015040204604865,0.1530277196870582,-0.1479912567516437,0.3613945427303034,30.272788548618742,1.0,0.7203152989487047,252
improved_existing_h0.25_inventory,2025,-0.34738464313115963,0.1270855075082437,0.007363783783731925,-0.12998776308514337,0.0835466191730152,9.201723440290273,0.0,-0.34738464313115963,248
improved_existing_h0.25_blend,2017,-0.2640814430615323,-0.1431037599242622,-0.013159547568543428,-0.08560824626609498,-0.16672674723666572,13.57916218616241,0.0,-0.2640814430615323,251
improved_existing_h0.25_blend,2018,3.280197020821204,3.53285945741757,0.30731497758744997,-0.047214270373007405,0.0787250967997059,13.37345544814581,1.0,3.280197020821204,251
improved_existing_h0.25_blend,2019,-0.11825157835562981,0.2156980554366231,0.011853755381730835,-0.07409415038336575,-0.137954773581076,11.014080872398615,0.0,-0.11825157835562981,252
improved_existing_h0.25_blend,2020,2.0353702236847653,2.121951318022394,0.12032880198953988,-0.026991009908517882,0.02727188177219787,2.6991663358695686,1.0,2.0353702236847653,253
improved_existing_h0.25_blend,2021,2.143465341546882,2.1474738579906054,0.2523208543509534,-0.046508516955602985,0.2931757121229382,11.022880278573359,1.0,2.143465341546882,252
improved_existing_h0.25_blend,2022,1.9919984319252755,2.1725184325825406,0.246668717523582,-0.06502508901115589,0.21208844413886938,11.483197763824236,1.0,1.9919984319252755,251
improved_existing_h0.25_blend,2023,0.2197208578302167,0.9854240668763418,0.06746407806126675,-0.05933479476985737,0.1298160715431137,8.962438411096555,1.0,0.2197208578302167,250
improved_existing_h0.25_blend,2024,0.20608196302263054,0.728611423866113,0.07056368351053544,-0.12162412516831222,0.2678040391508165,17.66054097377125,1.0,0.20608196302263054,252
improved_existing_h0.25_blend,2025,0.3846990081345254,0.9871033842804691,0.06979738822640602,-0.09152186441078025,0.09964639974900859,6.5948690760001645,1.0,0.3846990081345254,248
improved_existing_h0.5_inventory,2017,-0.72882735565505,-0.6609827680123709,-0.09097863834517561,-0.147239680826445,-0.2723474472002994,20.50005724882606,0.0,-0.72882735565505,251
improved_existing_h0.5_inventory,2018,0.36650049744658975,0.8921093014791749,0.03252055466775339,-0.025819614090656473,-0.016024842864197347,2.4986775762864197,1.0,0.36650049744658975,251
improved_existing_h0.5_inventory,2019,0.012925966866115997,0.49064810696518285,0.021224289495873405,-0.03192373269973958,-0.028303570669794963,3.1414378246774692,1.0,0.012925966866115997,252
improved_existing_h0.5_inventory,2020,0.0,9.409174387650923,0.00462232435084009,0.0,0.0,0.0,0.0,0.0,253
improved_existing_h0.5_inventory,2021,1.7739315164615816,1.7822565202622136,0.09427544194100657,-0.015634396693167574,0.04242409993704157,4.273489183883924,1.0,1.7739315164615816,252
improved_existing_h0.5_inventory,2022,-0.7541885150441462,-0.3409168689261988,-0.016294528102557493,-0.0600573125184396,0.04247392611320024,4.625031384458012,0.0,-0.7541885150441462,251
improved_existing_h0.5_inventory,2023,-0.8456336690421319,-0.30607336867671747,-0.03410951058670053,-0.10988138422409399,0.1286622020932112,11.691715933837168,0.0,-0.8456336690421319,250
improved_existing_h0.5_inventory,2024,0.5837952307046743,1.6528498591577678,0.08320815755631816,-0.04337403578340582,0.072267857300818,8.134287757359743,1.0,0.5837952307046743,252
improved_existing_h0.5_inventory,2025,0.0,26.26268879030173,0.04368464671397354,0.0,0.0,0.0,0.0,0.0,248
improved_existing_h0.5_blend,2017,-0.6131428294307192,-0.4776326491465618,-0.03300298682711034,-0.0723616405969737,-0.1306563520414164,11.069050007257292,0.0,-0.6131428294307192,251
improved_existing_h0.5_blend,2018,1.2241481210314533,1.5873822791788093,0.08640495170383944,-0.047214270373007516,0.15761002750802278,5.755013291784341,1.0,1.2241481210314533,251
improved_existing_h0.5_blend,2019,0.3037875803809462,0.9423762199336688,0.031535425124563865,-0.024121516221994543,0.02961055638740223,3.53891040177342,1.0,0.3037875803809462,252
improved_existing_h0.5_blend,2020,-0.28406164357054736,-0.15380163150712595,-0.006034011546080298,-0.055275201353940706,0.04436435564234225,0.8972682175153686,0.0,-0.28406164357054736,253
improved_existing_h0.5_blend,2021,2.9339678417969406,2.9416927886226376,0.17528681429778725,-0.02549132134396992,0.15626831891098264,5.0661843560604805,1.0,2.9339678417969406,252
improved_existing_h0.5_blend,2022,0.5108287188039039,0.8434506110699984,0.04668726800476497,-0.036158738970987425,0.12194300961864814,5.766828569663234,1.0,0.5108287188039039,251
improved_existing_h0.5_blend,2023,-0.3184371507066795,0.5215817223587806,0.031227754726370183,-0.05933479476985737,0.10488497946826747,7.496265341519526,0.0,-0.3184371507066795,250
improved_existing_h0.5_blend,2024,-0.27268183017175207,0.7069336144114258,0.03707350755958161,-0.04899252711457047,0.12324069643607378,6.63326445491345,0.0,-0.27268183017175207,252
improved_existing_h0.5_blend,2025,1.0532430709266252,2.1068501431553943,0.08816771969958515,-0.03889091353690666,0.057873090162501,2.449609923940157,1.0,1.0532430709266252,248
improved_conservative_h0_inventory,2017,-0.27542408937562496,-0.13532913954799047,-0.010565237253267967,-0.0741044016497453,-0.14100425064450625,10.942404637854748,0.0,-0.27542408937562496,251
improved_conservative_h0_inventory,2018,3.001831165037549,3.603959530851338,0.12192863980354707,-0.01496192516984396,-0.052705762041545166,4.556186311900215,1.0,3.001831165037549,251
improved_conservative_h0_inventory,2019,-0.789259733519783,-0.1946666656093432,-0.0076131149097601325,-0.029015174597771698,-0.09637220578266231,2.8003723506062546,0.0,-0.789259733519783,252
improved_conservative_h0_inventory,2020,2.6138730395376597,2.7967459513813964,0.07262953247236958,-0.010986718454237376,-0.011983396847708959,0.5377095509709496,1.0,2.6138730395376597,253
improved_conservative_h0_inventory,2021,1.667188239600876,1.6791842022700458,0.061460694549198225,-0.016832125547873167,0.07767324513883969,3.1365450046412873,1.0,1.667188239600876,252
improved_conservative_h0_inventory,2022,1.6655348818856623,2.162322573247949,0.08478251913763346,-0.018305144455054156,0.06017717020081865,2.894187669466297,1.0,1.6655348818856623,251
improved_conservative_h0_inventory,2023,-0.3337864083932145,0.9159277852783546,0.03847654506227127,-0.038441204058636935,0.07203576015974858,5.200174344741432,0.0,-0.3337864083932145,250
improved_conservative_h0_inventory,2024,0.971264645480176,2.292868862402068,0.09459894261960278,-0.026248707421391293,0.12072021611100231,7.1610674212381955,1.0,0.971264645480176,252
improved_conservative_h0_inventory,2025,-0.6015267805463308,1.3287961032472106,0.029665870440088726,-0.031183830956447278,0.016508476896416224,1.791780432904082,0.0,-0.6015267805463308,248
improved_conservative_h0_blend,2017,-0.03461542929135215,0.2463899703140244,0.007346798128784915,-0.03302072053672567,-0.06498475376351982,6.1476093153737095,0.0,-0.03461542929135215,251
improved_conservative_h0_blend,2018,2.1282112165178932,2.5119859057741745,0.1333931642016679,-0.04430329253017251,0.13926956791934889,6.474277523394122,1.0,2.1282112165178932,251
improved_conservative_h0_blend,2019,-0.15376245829028737,0.7190458166132137,0.017490576162201954,-0.01839705213469467,-0.004423761169031449,3.4457441007938003,0.0,-0.15376245829028737,252
improved_conservative_h0_blend,2020,0.7257520867526618,0.8729219372956617,0.027441859606620156,-0.026991009908517993,0.038372657218487774,1.1684660416156172,1.0,0.7257520867526618,253
improved_conservative_h0_blend,2021,2.599856891502291,2.60746084714904,0.15712623474209586,-0.02269792086256317,0.17389289151188173,4.363940296734318,1.0,2.599856891502291,252
improved_conservative_h0_blend,2022,1.3250163110260975,1.6442424264378273,0.09906131242070004,-0.039275716382886294,0.13079463166245736,4.7238138054329095,1.0,1.3250163110260975,251
improved_conservative_h0_blend,2023,0.3683082459046246,1.6939655066978436,0.06855275740913047,-0.04123454152148498,0.07657175850153618,4.11886064821076,1.0,0.3683082459046246,250
improved_conservative_h0_blend,2024,-0.15705593698058928,0.7047940020169254,0.041892213413296187,-0.0614673394304478,0.14746687584116594,6.045271139407789,0.0,-0.15705593698058928,252
improved_conservative_h0_blend,2025,0.7799051993664711,1.697930956087848,0.08098529810012667,-0.0542435113312173,0.06612732861070911,2.991729783466872,1.0,0.7799051993664711,248
improved_conservative_h0.25_inventory,2017,-0.368052663072409,-0.22721661041145466,-0.01623038313066094,-0.06942473757455792,-0.14495390399725427,10.669532384587779,0.0,-0.368052663072409,251
improved_conservative_h0.25_inventory,2018,2.8634477609486977,3.4640365291109037,0.11720305212328452,-0.017040855292764112,-0.04390633337794531,4.5104840653466844,1.0,2.8634477609486977,251
improved_conservative_h0.25_inventory,2019,-0.3695574317732476,0.3239794208936938,0.009566822570123978,-0.03159367450520645,-0.07342844871306106,3.4285025277726584,0.0,-0.3695574317732476,252
improved_conservative_h0.25_inventory,2020,1.3896256111317264,1.6904432357340167,0.02596292429534275,-0.006475724325766263,-0.005018969778626586,0.5401119401646776,1.0,1.3896256111317264,253
improved_conservative_h0.25_inventory,2021,1.6629624272712906,1.6750515688440275,0.06071183996921481,-0.013825338277268284,0.06719299429341025,3.9586264307400487,1.0,1.6629624272712906,252
improved_conservative_h0.25_inventory,2022,2.4459787370267594,3.0425018813453515,0.10021080759834011,-0.01319637339323887,0.04212445836649905,3.438165147863057,1.0,2.4459787370267594,251
improved_conservative_h0.25_inventory,2023,-0.22614259807517068,1.0606355786351216,0.043509890787210015,-0.029811690912670663,0.06323323992841205,5.138640124844819,0.0,-0.22614259807517068,250
improved_conservative_h0.25_inventory,2024,0.9001527056824693,2.2673404264335555,0.0901748860684568,-0.03247496021076424,0.09960708714026706,8.435735739743084,1.0,0.9001527056824693,252
improved_conservative_h0.25_inventory,2025,-0.5729828531325548,1.3871729158793242,0.03051623116724156,-0.030549214024362614,0.0161967679075642,1.8222858169276759,0.0,-0.5729828531325548,248
improved_conservative_h0.25_blend,2017,-0.12604508068985143,0.15650014158219674,0.0044534706936940616,-0.030927599077106183,-0.06695958043989382,6.011051758780423,0.0,-0.12604508068985143,251
improved_conservative_h0.25_blend,2018,2.0504154653241433,2.4284643415293945,0.13065532315667494,-0.04721427037300774,0.1436692822511488,6.510918120503744,1.0,2.0504154653241433,251
improved_conservative_h0.25_blend,2019,0.17319635522748023,1.0011632876461833,0.025916613886876272,-0.018476006202415296,0.00704811736576918,3.7590207982234447,1.0,0.17319635522748023,252
improved_conservative_h0.25_blend,2020,0.015938022032210057,0.14823020522549338,0.004572399295868168,-0.0485447507053669,0.04185487075302896,1.166877020087911,1.0,0.015938022032210057,253
improved_conservative_h0.25_blend,2021,2.581241344332586,2.588800029501602,0.15674074955421746,-0.02372199535776842,0.168652766089167,4.691381124542547,1.0,2.581241344332586,252
improved_conservative_h0.25_blend,2022,1.5331709639337128,1.8715168239290156,0.10692949747344627,-0.035889094994577486,0.12176827574529754,4.898389620894962,1.0,1.5331709639337128,251
improved_conservative_h0.25_blend,2023,0.4359371240610979,1.7868919429404404,0.07108082278547756,-0.04123454152148487,0.07217049838586792,4.161642342449447,1.0,0.4359371240610979,250
improved_conservative_h0.25_blend,2024,-0.19847457758737913,0.6997010504015456,0.03992665698429687,-0.06391567159993461,0.13691031135579831,6.643218835165346,0.0,-0.19847457758737913,252
improved_conservative_h0.25_blend,2025,0.8004486068813603,1.7327321656823378,0.08143904100034316,-0.05288963457230822,0.06597147411628308,3.0184864420599387,1.0,0.8004486068813603,248
improved_conservative_h0.5_inventory,2017,-0.580771482386895,-0.4349893766792323,-0.02802933533908225,-0.06384155245168055,-0.12965847345869533,9.74494132002403,0.0,-0.580771482386895,251
improved_conservative_h0.5_inventory,2018,0.3497025003204925,1.8312408038313572,0.023980811955134573,-0.00916652805055762,-0.005710943078464685,0.9636260489267157,1.0,0.3497025003204925,251
improved_conservative_h0.5_inventory,2019,-0.016192892624783954,1.7855035520728504,0.021386423977983515,-0.00858491194787081,-0.007404769143587511,0.8264202729124221,0.0,-0.016192892624783954,252
improved_conservative_h0.5_inventory,2020,0.0,9.409174387650923,0.00462232435084009,0.0,0.0,0.0,0.0,0.0,253
improved_conservative_h0.5_inventory,2021,1.8311903500030904,1.8586411012190545,0.029199262489023825,-0.004342230749200149,0.01258811821972661,1.2730400819338417,1.0,1.8311903500030904,252
improved_conservative_h0.5_inventory,2022,-0.7518141650273789,0.7522932051860868,0.009329263565634571,-0.016108064655080523,0.011580622731640303,1.2591278092908875,0.0,-0.7518141650273789,251
improved_conservative_h0.5_inventory,2023,-0.9322230110862039,0.4635554556574946,0.01695363310945286,-0.030353953430920955,0.047795589825739775,4.3722447863316285,0.0,-0.9322230110862039,250
improved_conservative_h0.5_inventory,2024,0.6503012737861398,3.4192149005931043,0.06670265751654814,-0.01610024812675881,0.02680820978322177,3.0162716499478237,1.0,0.6503012737861398,252
improved_conservative_h0.5_inventory,2025,0.0,26.26268879030173,0.04368464671397354,0.0,0.0,0.0,0.0,0.0,248
improved_conservative_h0.5_blend,2017,-0.32947561781536866,-0.03987436624041904,-0.0016970368440683004,-0.030927599077106405,-0.059311865170614354,5.55614776999232,0.0,-0.32947561781536866,251
improved_conservative_h0.5_blend,2018,1.1835459581285137,1.5602585081922742,0.08170082651414945,-0.04721427037300763,0.16276697740088913,4.982564239797557,1.0,1.1835459581285137,251
improved_conservative_h0.5_blend,2019,0.33729649965820824,1.0781743373436723,0.03124399314788251,-0.0241215162219941,0.040059957150505955,2.3561727964056027,1.0,0.33729649965820824,252
improved_conservative_h0.5_blend,2020,-0.28406164357054736,-0.15380163150712595,-0.006034011546080298,-0.055275201353940706,0.04436435564234225,0.8972682175153686,0.0,-0.28406164357054736,253
improved_conservative_h0.5_blend,2021,2.673547001951196,2.682275481398555,0.13949777693598375,-0.020195679449017234,0.14135032805232517,3.5489379980259095,1.0,2.673547001951196,252
improved_conservative_h0.5_blend,2022,0.8272762259030675,1.2028851288030686,0.06009343035870662,-0.03588909499457826,0.10649635792786817,4.077304571167004,1.0,0.8272762259030675,251
improved_conservative_h0.5_blend,2023,0.10200739241443639,1.4920605661170971,0.05732659075850188,-0.04123454152148487,0.06445167333453178,3.790561060004839,1.0,0.10200739241443639,250
improved_conservative_h0.5_blend,2024,-0.47109683538942393,0.6133513635875527,0.02887796940973253,-0.04436474026688464,0.10051087267727567,4.038933296712414,0.0,-0.47109683538942393,252
improved_conservative_h0.5_blend,2025,1.0532430709266252,2.1068501431553943,0.08816771969958515,-0.03889091353690666,0.057873090162501,2.449609923940157,1.0,1.0532430709266252,248
original_existing_h0_inventory,2017,0.040417108756179876,0.08922912975486866,-0.0003014323380784445,-0.2061090174796849,-0.39515138287067364,33.73813016444608,1.0,0.040417108756179876,251
original_existing_h0_inventory,2018,1.9842837479006699,2.108549664336897,0.3691020305119683,-0.0689047106936147,-0.30322517122720516,20.125488411272663,1.0,1.9842837479006699,251
original_existing_h0_inventory,2019,-0.8529130344572884,-0.7227181495493191,-0.1237045632671111,-0.1863038463181791,-0.4734845294799551,12.610480121542537,0.0,-0.8529130344572884,252
original_existing_h0_inventory,2020,1.6406615031128386,1.669684147557776,0.28496853624381324,-0.18206360283706746,-0.10329894753626463,5.714398765181689,1.0,1.6406615031128386,253
original_existing_h0_inventory,2021,1.436067484416334,1.438425436670508,0.2794185759347947,-0.11926445873156788,0.486948828315998,11.666746624078367,1.0,1.436067484416334,252
original_existing_h0_inventory,2022,1.289085761481821,1.3943987145596062,0.26266493740800545,-0.1113310771485102,0.3245538141901631,12.509101026187334,1.0,1.289085761481821,251
original_existing_h0_inventory,2023,0.10108622970563046,0.542327846781026,0.0592205288368719,-0.08652155458465993,0.25346865513762495,14.335933511011115,1.0,0.10108622970563046,250
original_existing_h0_inventory,2024,0.6913728295746268,1.047338630652594,0.1546904759959138,-0.13998405788568202,0.48038228239003594,21.814946060376336,1.0,0.6913728295746268,252
original_existing_h0_inventory,2025,0.0631839262017341,0.431451259882713,0.044291703991267806,-0.1253460683845331,0.25820809231456787,14.793750555386998,1.0,0.0631839262017341,248
original_existing_h0_blend,2017,0.12400092842996908,0.22201051420789716,0.016221171903381792,-0.10300850559134389,-0.19205831987660357,17.768471574648828,1.0,0.12400092842996908,251
original_existing_h0_blend,2018,2.7240898279089,2.967766830836136,0.2605804044341453,-0.03226151595256499,0.014009863326518891,14.046590907194872,1.0,2.7240898279089,251
original_existing_h0_blend,2019,-0.8352445592812109,-0.5293845320511484,-0.038628356694800026,-0.08178404750238533,-0.19297992301767786,8.420586058829588,0.0,-0.8352445592812109,252
original_existing_h0_blend,2020,1.7214679195340588,1.787686549619002,0.12965418082706637,-0.0758785794475163,-0.007285118125790065,3.6041730230951075,1.0,1.7214679195340588,253
original_existing_h0_blend,2021,2.0493228242618327,2.052879982628043,0.27363817497294485,-0.07789564220972589,0.3785306831004609,8.449262691689063,1.0,2.0493228242618327,252
original_existing_h0_blend,2022,1.3298579170743337,1.4843943069558185,0.18868445295492875,-0.08393151076864103,0.2629829536571296,9.383842362458337,1.0,1.3298579170743337,251
original_existing_h0_blend,2023,0.391841069695731,1.1293652934173588,0.08097493224751773,-0.04960284715159524,0.16728820599047436,8.79210513277289,1.0,0.391841069695731,250
original_existing_h0_blend,2024,0.20067764705466556,0.6756351595198709,0.0710075096231022,-0.1183276326033087,0.32729790898068273,13.382188396069242,1.0,0.20067764705466556,252
original_existing_h0_blend,2025,0.5150357035356316,0.9859520997310754,0.08905088152280327,-0.09344745425540546,0.1869771363197849,9.20389812944342,1.0,0.5150357035356316,248
original_existing_h0.25_inventory,2017,0.21631577412074776,0.26606918332905033,0.032242752347642734,-0.16427248828752772,-0.39240845266110147,32.04839684275677,1.0,0.21631577412074776,251
original_existing_h0.25_inventory,2018,2.062034847337706,2.246170583826741,0.25843592063166065,-0.05051308031816415,-0.10902761483657769,11.089487699517642,1.0,2.062034847337706,251
original_existing_h0.25_inventory,2019,0.0034293204111857266,0.15816815156226374,0.01249075124490151,-0.13975722089430798,-0.3168286559935568,12.95081833924233,1.0,0.0034293204111857266,252
original_existing_h0.25_inventory,2020,0.6049681526639888,0.6469330282440536,0.06734619434936251,-0.1027840934745251,-0.025545543009595002,1.194171204072649,1.0,0.6049681526639888,253
original_existing_h0.25_inventory,2021,1.1697091372330601,1.1724623572279838,0.186455859467056,-0.07350201480990226,0.3093324830168838,16.671552771443615,1.0,1.1697091372330601,252
original_existing_h0.25_inventory,2022,1.7440699917154014,1.8676746051863988,0.3127598033729335,-0.0961847809006231,0.21216028724542996,13.660317658099705,1.0,1.7440699917154014,251
original_existing_h0.25_inventory,2023,-0.1489571605836488,0.33030391484330607,0.03070186585243917,-0.09730371932751825,0.2023953317591791,14.065825510247556,0.0,-0.1489571605836488,250
original_existing_h0.25_inventory,2024,0.5694092969024778,0.9794109054003187,0.1244594395913654,-0.1319773933465923,0.3330590493338224,26.576365216800617,1.0,0.5694092969024778,252
original_existing_h0.25_inventory,2025,1.5860377146584974,2.4961050823358204,0.12307638928794096,-0.020646990800611276,0.07106421306399696,6.663671069450843,1.0,1.5860377146584974,248
original_existing_h0.25_blend,2017,0.301093766001956,0.4009686382175645,0.03238878805397749,-0.08071668777326046,-0.19068685477181746,16.96472371243146,1.0,0.301093766001956,251
original_existing_h0.25_blend,2018,2.5585430335136365,2.854529986716425,0.20266678604056665,-0.037326576935205025,0.11110864152183263,10.010094425760366,1.0,2.5585430335136365,251
original_existing_h0.25_blend,2019,0.19149982638892732,0.5578715309268273,0.03143721501168928,-0.06982077444441659,-0.11465198627447869,8.55091500573156,1.0,0.19149982638892732,252
original_existing_h0.25_blend,2020,0.4197237485241469,0.5030964758722517,0.02673543008642132,-0.04106212874476045,0.03159158413754475,1.4609684819848825,1.0,0.4197237485241469,253
original_existing_h0.25_blend,2021,1.9551671009865863,1.9592033268851636,0.22556694246782372,-0.04903344358591377,0.28972251045090375,11.060148125816065,1.0,1.9551671009865863,252
original_existing_h0.25_blend,2022,1.6995603190553081,1.87815534324759,0.21086079151572412,-0.0729966258630429,0.206786190184763,10.059197271505996,1.0,1.6995603190553081,251
original_existing_h0.25_blend,2023,0.19343682086048292,0.9612595924794103,0.06553308506454236,-0.06157878104063641,0.14175154430125142,8.671554465168622,1.0,0.19343682086048292,250
original_existing_h0.25_blend,2024,0.07958765982032981,0.630960665772499,0.05712598963311244,-0.11344540356972654,0.25363629245257596,15.765509913875215,1.0,0.07958765982032981,252
original_existing_h0.25_blend,2025,1.6506954279866013,2.531221976542006,0.129072246968035,-0.03889091353690666,0.09340519669449948,5.679057818600186,1.0,1.6506954279866013,248
original_existing_h0.5_inventory,2017,-0.3275816728337261,-0.26791601829736167,-0.04983660643941834,-0.12330272342676063,-0.2895813906492242,24.415645026986617,0.0,-0.3275816728337261,251
original_existing_h0.5_inventory,2018,-1.0019900517195868,21.45551252936715,0.0189884508720628,-0.00038615725361090814,0.0,0.8518268453374022,0.0,-1.0019900517195868,251
original_existing_h0.5_inventory,2019,0.0,25.446855902105238,0.021653402880481343,0.0,0.0,0.0,0.0,0.0,252
original_existing_h0.5_inventory,2020,0.0,9.409174387650923,0.00462232435084009,0.0,0.0,0.0,0.0,0.0,253
original_existing_h0.5_inventory,2021,0.3246767091270679,0.3374988812707325,0.010771267577289523,-0.016596694577603377,0.022183817437418735,2.2359728137745583,1.0,0.3246767091270679,252
original_existing_h0.5_inventory,2022,-0.751923498106841,-0.3502419165878491,-0.01721601199807654,-0.061759636117384664,0.04337648700786824,4.7220552905359146,0.0,-0.751923498106841,251
original_existing_h0.5_inventory,2023,-1.3003136188664477,-0.7120211020801374,-0.06578909267606348,-0.11666711095614613,0.08991903879399496,9.08170662282411,0.0,-1.3003136188664477,250
original_existing_h0.5_inventory,2024,-0.5547345509906209,0.8272247275371473,0.03114860713190648,-0.04554661883223288,0.03955853087637427,4.452581131620841,0.0,-0.5547345509906209,252
original_existing_h0.5_inventory,2025,0.0,26.26268879030173,0.04368464671397354,0.0,0.0,0.0,0.0,0.0,248
original_existing_h0.5_blend,2017,-0.22682141427004784,-0.10758112615443273,-0.010767497644628587,-0.06129875850616473,-0.13927332376587884,13.065360043825907,0.0,-0.22682141427004784,251
original_existing_h0.5_blend,2018,1.1307061683980164,1.5066893685765936,0.07886831610045086,-0.047214270373007294,0.16562244894012146,5.016630233037337,1.0,1.1307061683980164,251
original_existing_h0.5_blend,2019,0.33010064041161274,1.0573330089715254,0.031202070719765995,-0.024121516221993877,0.04376234172229971,2.026620988296042,1.0,0.33010064041161274,252
original_existing_h0.5_blend,2020,-0.28406164357054736,-0.15380163150712595,-0.006034011546080298,-0.055275201353940706,0.04436435564234225,0.8972682175153686,0.0,-0.28406164357054736,253
original_existing_h0.5_blend,2021,2.342207627620389,2.3503990972473714,0.1293438565846734,-0.02596314095516805,0.14614817766117122,4.024780783501743,1.0,2.342207627620389,252
original_existing_h0.5_blend,2022,0.49999646809242965,0.8306569911222386,0.04620824136101365,-0.036966724266832895,0.12239429006598215,5.815983087187232,1.0,0.49999646809242965,251
original_existing_h0.5_blend,2023,-0.6301435584684378,0.26714125068804917,0.014079933137083778,-0.05867615595900111,0.08551339781865937,6.130381437297925,0.0,-0.6301435584684378,250
original_existing_h0.5_blend,2024,-0.7728852075277203,0.254993189012048,0.011759708183645357,-0.04938561305769218,0.1068860332238519,4.779834218904523,0.0,-0.7728852075277203,252
original_existing_h0.5_blend,2025,1.0532430709266252,2.1068501431553943,0.08816771969958515,-0.03889091353690666,0.057873090162501,2.449609923940157,1.0,1.0532430709266252,248
original_conservative_h0_inventory,2017,-0.14845970299790343,-0.02147945948782337,-0.003950476727381691,-0.07286437903172382,-0.15893730976892767,12.298367700907955,0.0,-0.14845970299790343,251
original_conservative_h0_inventory,2018,2.7781948337826994,3.3807988742033523,0.11329561485747885,-0.010859035390275662,-0.054961034647172814,3.6504610154277155,1.0,2.7781948337826994,251
original_conservative_h0_inventory,2019,-0.3879591863233747,0.15776593309132778,0.005439288193346714,-0.026453655683507105,-0.09591592485677843,1.7942598233911258,0.0,-0.3879591863233747,252
original_conservative_h0_inventory,2020,-0.8802724345008179,9.368491860115393,0.004602809832396471,0.0,1.1453641537840616e-05,0.0014229381800163002,0.0,-0.8802724345008179,253
original_conservative_h0_inventory,2021,1.3412342952793816,1.3532557281790045,0.04894461281510876,-0.01910193693886486,0.08269572344625113,2.761482047886907,1.0,1.3412342952793816,252
original_conservative_h0_inventory,2022,0.8530330979202225,1.3936456696356527,0.048913131617457584,-0.022616955772758685,0.05938554049145047,2.0941890259799134,1.0,0.8530330979202225,251
original_conservative_h0_inventory,2023,-0.809306125219074,0.579147484006255,0.02155108183114507,-0.030150744128685902,0.07376347313156975,3.793076200640837,0.0,-0.809306125219074,250
original_conservative_h0_inventory,2024,0.955579198492748,2.4129808623226565,0.09020305835082465,-0.0212266630337552,0.10756181584989846,5.2616129584932665,1.0,0.955579198492748,252
original_conservative_h0_inventory,2025,-0.1439457798391561,2.306997005755387,0.040929378352990486,-0.02033102957182109,0.021460386505290377,1.4804512000969479,0.0,-0.1439457798391561,248
original_conservative_h0_blend,2017,0.06932098981269981,0.3234839720395787,0.01080237860981903,-0.034241055808863496,-0.07395128332573053,6.832390270911041,1.0,0.06932098981269981,251
original_conservative_h0_blend,2018,2.099811072001745,2.492212977639202,0.12907243345761366,-0.04197225782428915,0.13814193161653507,6.062290430286703,1.0,2.099811072001745,251
original_conservative_h0_blend,2019,0.12460662507483639,1.0242666675122603,0.02440943550850605,-0.021663096064314047,-0.004195620706089504,2.866983200811771,1.0,0.12460662507483639,252
original_conservative_h0_blend,2020,-0.28433645199446056,-0.15407676181610616,-0.0060436652993670625,-0.05527520135394104,0.04437008246311117,0.8979796983921688,0.0,-0.28433645199446056,253
original_conservative_h0_blend,2021,2.4757949459045334,2.4833371509195636,0.15026469754339744,-0.024979670522017883,0.17640413066558744,4.161248699002918,1.0,2.4757949459045334,252
original_conservative_h0_blend,2022,1.0399855287162807,1.360459748398281,0.08060946807783997,-0.044460455696470835,0.1303988168077733,4.368520131504737,1.0,1.0399855287162807,251
original_conservative_h0_blend,2023,0.16176130847019857,1.5413959866982296,0.0597281574044235,-0.04043794719792804,0.07743561498744676,3.467624532814289,1.0,0.16176130847019857,250
original_conservative_h0_blend,2024,-0.19519106801217803,0.686219635831478,0.039830824748783966,-0.05892159157761856,0.140887675710614,5.048973065014306,0.0,-0.19519106801217803,252
original_conservative_h0_blend,2025,0.9116465400636112,1.8487461449676512,0.08671151112194697,-0.049221064628795386,0.06860328341514618,2.9636082112727866,1.0,0.9116465400636112,248
original_conservative_h0.25_inventory,2017,-0.09012052723520311,0.03709162162672519,0.00015778001085720028,-0.06917815769090041,-0.15921020580002535,12.243662054085569,0.0,-0.09012052723520311,251
original_conservative_h0.25_inventory,2018,1.9766167146745643,2.73259796543271,0.07180337005680526,-0.012185980340834845,-0.025882312642847793,2.897919894020368,1.0,1.9766167146745643,251
original_conservative_h0.25_inventory,2019,0.29361285569067685,0.9452050104695736,0.03103735967972021,-0.020125755691312364,-0.06352119378075732,2.040891129111656,1.0,0.29361285569067685,252
original_conservative_h0.25_inventory,2020,0.0,9.409174387650923,0.00462232435084009,0.0,0.0,0.0,0.0,0.0,253
original_conservative_h0.25_inventory,2021,1.3080993466511461,1.3205765322538552,0.04586539079702434,-0.013255973168412871,0.06603984787557836,3.715009429088753,1.0,1.3080993466511461,252
original_conservative_h0.25_inventory,2022,1.1466575633609633,1.7426410029586414,0.05574060822820459,-0.027640741973321004,0.04098746849996581,2.4872204468690216,1.0,1.1466575633609633,251
original_conservative_h0.25_inventory,2023,-0.6885246389180495,0.7819805534002413,0.027810781591496525,-0.02967769006546317,0.0547312656448332,3.97577107036121,0.0,-0.6885246389180495,250
original_conservative_h0.25_inventory,2024,0.7207533259812261,2.2675921855669356,0.07936182343472553,-0.025122286793512694,0.08811808318150244,7.315703755076032,1.0,0.7207533259812261,252
original_conservative_h0.25_inventory,2025,1.4532426851571383,5.071304767814658,0.0615140981542297,-0.005008744989046687,0.017630108365099893,1.58604495810744,1.0,1.4532426851571383,248
original_conservative_h0.25_blend,2017,0.12757833793039075,0.38211056903672785,0.012870096903806028,-0.03424105580886461,-0.07408773134127938,6.80493554910362,1.0,0.12757833793039075,251
original_conservative_h0.25_blend,2018,1.6649504952384806,2.0482660923783644,0.10723379506252217,-0.042363653935918566,0.1526812926186976,5.840368666464148,1.0,1.6649504952384806,251
original_conservative_h0.25_blend,2019,0.668355218778142,1.6111108651398391,0.03711994096661653,-0.014937894407590524,0.012001744831921046,2.988911669246056,1.0,0.668355218778142,252
original_conservative_h0.25_blend,2020,-0.28406164357054736,-0.15380163150712595,-0.006034011546080298,-0.055275201353940706,0.04436435564234225,0.8972682175153686,0.0,-0.28406164357054736,253
original_conservative_h0.25_blend,2021,2.4558272020459877,2.4633759399709927,0.14862744353605328,-0.024323565566712335,0.16807619288025105,4.512879778706666,1.0,2.4558272020459877,252
original_conservative_h0.25_blend,2022,1.1449083548662764,1.479773285061317,0.08416754503441681,-0.04581696381293665,0.12119978081203094,4.500178858781665,1.0,1.1449083548662764,251
original_conservative_h0.25_blend,2023,0.24703993633699525,1.6607630846171852,0.06294445868701382,-0.040437947197927815,0.0679195112440785,3.5919228607491456,1.0,0.24703993633699525,250
original_conservative_h0.25_blend,2024,-0.2943707483732051,0.6345080244042817,0.03481429986507378,-0.06032912516061606,0.131165809376416,6.0313020847523875,0.0,-0.2943707483732051,252
original_conservative_h0.25_blend,2025,1.2381608346693107,2.269278748047642,0.09748406623877992,-0.038890913536906435,0.06668814434505095,3.1254232889852864,1.0,1.2381608346693107,248
original_conservative_h0.5_inventory,2017,-0.35574889017217043,-0.2220317331715436,-0.016857088474472426,-0.06917815769089941,-0.13574635522206058,10.612897745451367,0.0,-0.35574889017217043,251
original_conservative_h0.5_inventory,2018,-1.0019900517195865,24.343857080011617,0.019216787608913544,-0.000163050982451729,0.0,0.4038536236089161,0.0,-1.0019900517195865,251
original_conservative_h0.5_inventory,2019,0.0,25.446855902105238,0.021653402880481343,0.0,0.0,0.0,0.0,0.0,252
original_conservative_h0.5_inventory,2020,0.0,9.409174387650923,0.00462232435084009,0.0,0.0,0.0,0.0,0.0,253
original_conservative_h0.5_inventory,2021,0.31410351491962135,0.36418743602402437,0.003081118396491833,-0.0043206285392024535,0.005695152818803715,0.5732810700266221,1.0,0.31410351491962135,252
original_conservative_h0.5_inventory,2022,-0.7887773896196801,0.8157472455048322,0.00949961903379637,-0.015453445089077866,0.010882640877154117,1.1893337682528817,0.0,-0.7887773896196801,251
original_conservative_h0.5_inventory,2023,-1.335002946083003,0.2485512704253186,0.0077770566243893224,-0.029677690065463058,0.03334426361534018,3.382908255240034,0.0,-1.335002946083003,250
original_conservative_h0.5_inventory,2024,-0.3740832634602712,3.058320704365218,0.04774448089770811,-0.015662101886241286,0.015489661459589833,1.7663551920097356,0.0,-0.3740832634602712,252
original_conservative_h0.5_inventory,2025,0.0,26.26268879030173,0.04368464671397354,0.0,0.0,0.0,0.0,0.0,248
original_conservative_h0.5_blend,2017,-0.12701737277217243,0.13903580033618843,0.004109670900383833,-0.03424105580886394,-0.062355806052297,5.993934196283241,0.0,-0.12701737277217243,251
original_conservative_h0.5_blend,2018,1.1328110687913897,1.5087742638971837,0.07898853862928812,-0.04721427037300774,0.16562244894012146,4.79382577126941,1.0,1.1328110687913897,251
original_conservative_h0.5_blend,2019,0.33010064041161274,1.0573330089715254,0.031202070719765995,-0.024121516221993877,0.04376234172229971,2.026620988296042,1.0,0.33010064041161274,252
original_conservative_h0.5_blend,2020,-0.28406164357054736,-0.15380163150712595,-0.006034011546080298,-0.055275201353940706,0.04436435564234225,0.8972682175153686,0.0,-0.28406164357054736,253
original_conservative_h0.5_blend,2021,2.4264639293539516,2.4352502062074324,0.12492354969840425,-0.020195679449017234,0.1379038453518637,3.196760527521625,1.0,2.4264639293539516,252
original_conservative_h0.5_blend,2022,0.8303664436168574,1.2066431084210933,0.060182582618079516,-0.03588909499457815,0.10614736700062508,4.042376546539102,1.0,0.8303664436168574,251
original_conservative_h0.5_blend,2023,-0.021008815802867866,1.4421021380047168,0.05256411246640491,-0.040437947197927926,0.057226010229331985,3.2431857768014716,0.0,-0.021008815802867866,250
original_conservative_h0.5_blend,2024,-0.6623734128743977,0.43080735707529855,0.019682326124031757,-0.04436474026688497,0.09485159851545968,3.412423556994849,0.0,-0.6623734128743977,252
original_conservative_h0.5_blend,2025,1.0532430709266252,2.1068501431553943,0.08816771969958515,-0.03889091353690666,0.057873090162501,2.449609923940157,1.0,1.0532430709266252,248
