candidate,model,risk_rule,threshold,portfolio,sharpe_excess,sharpe_zero_rf,cagr,max_drawdown,average_exposure,annual_turnover,positive_year_fraction,worst_year_sharpe,days,active_fraction,average_gross_exposure
improved_existing_h0.25_blend,improved,existing,0.25,blend,1.1317533039449033,1.4309175532285516,0.12089506933296801,-0.12162412516831178,0.08929831447328893,10.71247186591315,0.7777777777777778,-0.2640814430615323,2260,0.6495575221238938,0.19287547402695454
original_existing_h0.25_blend,original,existing,0.25,blend,0.9970774460079621,1.304862501428586,0.10617512027971476,-0.11344540356972688,0.09139750692189609,9.803696573684906,1.0,0.07958765982032981,2260,0.6238938053097345,0.1850830567361483
improved_existing_h0_blend,improved,existing,0.0,blend,0.985578377553987,1.2517129214567235,0.11768711805924714,-0.12019850627952033,0.10352040740160176,11.31739602045748,0.7777777777777778,-0.5941273900932761,2260,0.9234513274336283,0.23745045775628087
improved_existing_h0.25_inventory,improved,existing,0.25,inventory,0.9521666687013297,1.1366054969903012,0.1531239752628657,-0.17459194647370335,0.027303101561602313,16.926531031927965,0.5555555555555556,-0.3654979198678425,2260,0.3663716814159292,0.2602751314753466
original_existing_h0_blend,original,existing,0.0,blend,0.9419973116610187,1.2035973081303308,0.11466239284223345,-0.11832763260330814,0.10482551760927525,10.334905872123104,0.8888888888888888,-0.8352445592812109,2260,0.9110619469026549,0.24015467013467737
improved_conservative_h0_blend,improved,conservative,0.0,blend,0.9402739721424971,1.4714843692420527,0.06919190562334965,-0.06146733943044791,0.07813876719286694,4.386064475169673,0.6666666666666666,-0.15705593698058928,2260,0.8199115044247788,0.10917284198544146
improved_conservative_h0.25_blend,improved,conservative,0.25,blend,0.920852030469317,1.4576378289623328,0.06776398880890477,-0.06391567159993461,0.0768092150162926,4.539963617198728,0.7777777777777778,-0.19847457758737913,2260,0.6287610619469026,0.105540798708374
original_conservative_h0.25_blend,original,conservative,0.25,blend,0.8416797288732312,1.3878329791819417,0.06324140317566074,-0.06032912516061628,0.07669215606941626,4.2539603415001865,0.7777777777777778,-0.2943707483732051,2260,0.6123893805309735,0.10252824011964988
original_conservative_h0_blend,original,conservative,0.0,blend,0.8087331277493811,1.340006473904592,0.06269024589665317,-0.0612407021912138,0.07758422275468863,4.073269421875075,0.7777777777777778,-0.28433645199446056,2260,0.7836283185840708,0.1087382432962361
improved_existing_h0_inventory,improved,existing,0.0,inventory,0.7924470238755724,0.9522947094975036,0.14394993890602858,-0.20808791193264042,0.05574728741822805,18.328926548444155,0.5555555555555556,-0.6533015813431657,2260,0.8920353982300885,0.3910074989315644
original_existing_h0.25_inventory,original,existing,0.25,inventory,0.7689504578999912,0.9574598204826416,0.1232024219511767,-0.17236405458154247,0.03150148645881665,14.995399302759555,0.8888888888888888,-0.1489571605836488,2260,0.33008849557522124,0.24202241327013513
original_existing_h0_inventory,original,existing,0.0,inventory,0.7390962735340304,0.894604957981874,0.13739145229448124,-0.23007568390246702,0.05835750783357495,16.359892287729842,0.8888888888888888,-0.8529130344572884,2260,0.8619469026548673,0.39455967757168153
improved_conservative_h0_inventory,improved,conservative,0.0,inventory,0.7198519659517919,1.3506662824621043,0.05310907227579076,-0.07424099503483705,0.004984007000758352,4.335276657982373,0.5555555555555556,-0.789259733519783,2260,0.6933628318584071,0.08311659171926579
improved_conservative_h0.25_inventory,improved,conservative,0.25,inventory,0.6922971603088356,1.3601522881552042,0.050470508955149596,-0.06956202133031175,0.002324902647609676,4.660956070654234,0.5555555555555556,-0.5729828531325548,2260,0.33008849557522124,0.07021910343831725
improved_conservative_h0.5_blend,improved,conservative,0.5,blend,0.6491511790615537,1.2319819680100428,0.05226153917101084,-0.05527520135394104,0.07319981303846308,3.5206511760877004,0.6666666666666666,-0.47109683538942393,2260,0.49557522123893805,0.09037544471919765
original_conservative_h0.5_blend,original,conservative,0.5,blend,0.588300864353558,1.1712849995866017,0.04956523317728756,-0.05527520135394104,0.07173832271935032,3.3380069503339374,0.5555555555555556,-0.6623734128743977,2260,0.4827433628318584,0.08895491128227953
improved_existing_h0.5_blend,improved,existing,0.5,blend,0.4805215936339464,0.9536667688900521,0.04924537232623538,-0.08076382481450994,0.07392440408777087,5.406618954073312,0.5555555555555556,-0.6131428294307192,2260,0.49557522123893805,0.11320425735708571
original_conservative_h0.25_inventory,original,conservative,0.25,inventory,0.4750043867390784,1.1642308620001256,0.04161114805660726,-0.06932992910677638,0.002090784753857016,4.029272391719171,0.6666666666666666,-0.6885246389180495,2260,0.3,0.06357876790637274
original_conservative_h0_inventory,original,conservative,0.0,inventory,0.4161802047344366,1.0605136528854147,0.040416803084356134,-0.07301554940558863,0.0038749181244017313,3.680775142286449,0.4444444444444444,-0.8802724345008179,2260,0.6367256637168142,0.08083192090776362
original_existing_h0.5_blend,original,existing,0.5,blend,0.33941681108652927,0.8151439097982696,0.041518152146498455,-0.07016197459549456,0.07039043640478737,4.909278877666673,0.5555555555555556,-0.7728852075277203,2260,0.4827433628318584,0.10867982662322735
improved_existing_h0.5_inventory,improved,existing,0.5,inventory,-0.13454844808880131,0.24697547611083637,0.013900567755615434,-0.14755682889369282,-0.003444719209433778,6.0950869128644305,0.4444444444444444,-0.8456336690421319,2260,0.09469026548672567,0.07756561984555137
improved_conservative_h0.5_inventory,improved,conservative,0.5,inventory,-0.14577030510274913,0.7868162083415972,0.020550867325503486,-0.06384155245168055,-0.004893901308049369,2.3832376776679944,0.3333333333333333,-0.9322230110862039,2260,0.09469026548672567,0.031190942370629606
original_conservative_h0.5_inventory,original,conservative,0.5,inventory,-0.3459873616873088,0.6049978867014435,0.015390603573819162,-0.06932992910677549,-0.007816881946274916,1.9907268899596349,0.1111111111111111,-1.335002946083003,2260,0.07345132743362832,0.026823057859432543
original_existing_h0.5_inventory,original,existing,0.5,inventory,-0.3754207965800257,0.01784648046806217,-0.0008331124684727298,-0.18691754026789398,-0.010512654575400788,5.081112198151995,0.1111111111111111,-1.3003136188664477,2260,0.07345132743362832,0.06627288854132816
