Year,New excess Sharpe,Prior blend excess Sharpe,New return,New drawdown
2017,-0.2640814430615323,0.1240009284299666,-0.013107670893980461,-0.0856082462660949
2018,3.280197020821204,2.7240898279089056,0.305925525010424,-0.0472142703730074
2019,-0.1182515783556298,-0.8352445592812122,0.011853755381733277,-0.0740941503833657
2020,2.0353702236847653,1.7214679195340588,0.12083405175990536,-0.0269910099085178
2021,2.143465341546882,2.049322824261831,0.2523208543509574,-0.0465085169556029
2022,1.9919984319252757,1.329857917074336,0.24557848322525655,-0.0650250890111558
2023,0.2197208578302167,0.3918410696957276,0.06691112400761101,-0.0593347947698573
2024,0.2060819630226305,0.2006776470546645,0.07056368351053854,-0.1216241251683122
2025,0.3846990081345254,0.5150357035356328,0.0686523117628326,-0.0915218644107802
