cost_bps,borrow_annual,sharpe_excess,sharpe_zero_rf,cagr,max_drawdown,average_exposure,annual_turnover,positive_year_fraction,worst_year_sharpe,days
0,0.03,1.246786005386438,1.6125329052926125,0.11194066316394657,-0.08911447609794476,0.08978328843327735,8.270108095820115,0.7777777777777778,-0.17232798060203328,2260
0,0.1,1.2063902588836803,1.5720329393427623,0.10893899427222564,-0.08911447609794543,0.08978328843327735,8.270107471151913,0.7777777777777778,-0.3732285931030053,2260
0,0.3,1.0907134740874387,1.4559470879879797,0.10040565143163116,-0.0891144760979452,0.08978328843327735,8.27018369326546,0.7777777777777778,-0.9428208158774295,2260
5,0.03,1.1852837764060984,1.5509490325766064,0.10735221893996871,-0.09028128875976671,0.08978328843327735,8.269618072650072,0.7777777777777778,-0.2644835523301139,2260
5,0.1,1.1449004214838259,1.5104627354833742,0.1043629367754284,-0.0902812887597666,0.08978328843327735,8.26961754988274,0.7777777777777778,-0.46495999416024014,2260
5,0.3,1.0292771155076321,1.3944340614475499,0.09586476499507723,-0.09085461888845614,0.08978328843327735,8.269694063281285,0.7777777777777778,-1.0333261608520052,2260
10,0.03,1.1236838443653276,1.489234885179128,0.10278270324803884,-0.09144663645585738,0.08978328843327735,8.269128366684784,0.7777777777777778,-0.3562696854314199,2260
10,0.1,1.0833166460355397,1.4487660496138282,0.09980575658887147,-0.0914466364558576,0.08978328843327735,8.269127945813741,0.7777777777777778,-0.556284347073909,2260
10,0.3,0.9677576405279485,1.3328054833220382,0.09134261060645055,-0.09294223169176774,0.08978328843327735,8.269204750488386,0.7777777777777778,-1.123319850380032,2260
20,0.03,1.0002611320701855,1.3654864999044596,0.09370014377718561,-0.0937729453378996,0.08978328843327735,8.268149905791246,0.6666666666666666,-0.5384935489685047,2260
20,0.1,0.9599374769354918,1.3250638957454466,0.09074771531622061,-0.09377294533790004,0.08978328843327735,8.268149688699094,0.6666666666666666,-0.7374753007273248,2260
20,0.3,0.8445392882774155,1.2092720733658142,0.08235418755853385,-0.09710312492447382,0.08978328843327735,8.268227075899414,0.6666666666666666,-1.3015456201229494,2260
