year,existing_h21,scarcity_h21,existing_h5,demand_h21,scarcity_h5,demand_h5
2017,-0.2644835523301139,-0.3448699158171765,0.2682679901516654,-1.0952322271711483,0.5483770950322963,0.0414622152942926
2018,3.279984787179593,1.8665703620622152,0.9559857164926274,0.7854791504007357,1.3772883378291576,1.1181814590437422
2019,-0.1185350158579774,0.6856927081413555,-0.2692541332832417,0.1364596236780541,1.1261873236107809,0.8679623640183495
2020,1.8915705851426616,1.8210550102501657,0.8836444326116996,1.729853921771808,-0.5283009348450367,-0.6114642775919323
2021,2.2294168761884836,2.265811717320611,2.199061324748318,2.5821171626316564,1.9872478021340856,1.903454610967688
2022,1.9918332762676605,1.4779111052495848,1.8035911882037183,1.2569333746944198,1.354118952537898,1.325232351332923
2023,0.2195612039661532,0.1984958000475383,-0.0077284137571507,0.220452209546778,0.1614212296595726,0.1288818586934401
2024,0.2058894402202805,0.0146357775288453,-0.0364437719501696,0.131758034750204,-0.1411737743972577,0.266800368810502
2025,0.3845384757006434,0.1504983165481304,1.0531775750023649,0.1494690589087567,-0.0546462026917161,-0.2070875696522773
