adaptive_fraction,year,sharpe_excess,sharpe_zero_rf,cagr,max_drawdown,average_exposure,annual_turnover,positive_year_fraction,worst_year_sharpe,days
0.0,2017,-0.26448355233011195,-0.1031578760869458,-0.007193804337562559,-0.06320440674174654,-0.12504506042749927,10.2258897687146,0.0,-0.26448355233011195,251
0.0,2018,3.2799847871795897,3.6168585624296266,0.22918042921624826,-0.0354099110158016,0.05904382259977936,10.059529574407158,1.0,3.2799847871795897,251
0.0,2019,-0.1185350158579774,0.32694186481160226,0.014671053374666565,-0.05466593619457949,-0.10346608018580701,8.286888841931608,0.0,-0.1185350158579774,252
0.0,2020,1.891570585142652,1.9745128765108206,0.11615098037004201,-0.03471412791813222,0.09595233031143664,2.899252509197608,1.0,1.891570585142652,253
0.0,2021,2.2294168761884805,2.2334440875510415,0.26228506980711175,-0.0522609044264587,0.3486456286337245,9.312021134229653,1.0,2.2294168761884805,252
0.0,2022,1.991833276267659,2.2324996049511667,0.18652152124406474,-0.04756265189633768,0.15906633310415208,8.641211411585568,1.0,1.991833276267659,251
0.0,2023,0.21956120396615522,1.238744765768292,0.06454764610815245,-0.04373678136081738,0.09736205365733533,6.736963503435125,1.0,0.21956120396615522,250
0.0,2024,0.20588944022028194,0.9028416112908221,0.06734995819512135,-0.09028128875976638,0.2008530293631124,13.276646115521737,1.0,0.20588944022028194,252
0.0,2025,0.3845384757006434,1.1872296278228605,0.06370862748852435,-0.06896415810735557,0.07473479981175643,4.961131568418284,1.0,0.3845384757006434,248
0.25,2017,0.08355975713051696,0.26421701107777307,0.011907066804007549,-0.047292022163749836,-0.11635827336663536,8.952434222433872,1.0,0.08355975713051696,251
0.25,2018,3.2587756733375963,3.6100128395484554,0.218254988862556,-0.03892705684806608,0.09268490256306507,9.838685775538016,1.0,3.2587756733375963,251
0.25,2019,-0.23432237279508955,0.2943228108374386,0.011163345766336707,-0.04586736430242888,-0.07884285173323821,7.574946799563943,0.0,-0.23432237279508955,252
0.25,2020,2.1693512242873054,2.249855309636794,0.1356268604038131,-0.0324392570221278,0.08309120368047321,3.202679463327441,1.0,2.1693512242873054,253
0.25,2021,2.3521500508288455,2.3563853189251653,0.26368052847731827,-0.0519394862951833,0.3351418168970315,8.07728013647996,1.0,2.3521500508288455,252
0.25,2022,2.095177080356018,2.3450786416585814,0.18963759269610092,-0.047840599411719475,0.1551021775297537,7.6321707346931875,1.0,2.095177080356018,251
0.25,2023,-0.019224725368865214,1.0967050901328477,0.05191648567472695,-0.041263980330572214,0.09041930465566717,6.418638894951391,0.0,-0.019224725368865214,250
0.25,2024,0.004213655233754406,0.8232815873536563,0.05199921313588951,-0.08733224113145455,0.1556144575574843,11.23856269273897,1.0,0.004213655233754406,252
0.25,2025,0.6825427623818845,1.599660192561958,0.07611602217383995,-0.05905743371996497,0.06157945921951564,6.020825209229996,1.0,0.6825427623818845,248
0.5,2017,0.4982001147315665,0.6933974010651882,0.031175641148676103,-0.03527290139842054,-0.10767148630577147,7.766635610644948,1.0,0.4982001147315665,251
0.5,2018,2.9246687593010687,3.2567766038596377,0.20652326811234767,-0.04244038751059431,0.12632598252635074,10.170352623776234,1.0,2.9246687593010687,251
0.5,2019,-0.36056109480615695,0.20788283489768572,0.007149647591867536,-0.037015173679364466,-0.05421962328066943,7.152831068434411,0.0,-0.36056109480615695,252
0.5,2020,2.0930044499032396,2.1602047060171854,0.1545874896241921,-0.030510438525464534,0.07023007704950975,3.6651791767192945,1.0,2.0930044499032396,253
0.5,2021,2.4588226159399356,2.4632381530592466,0.2646478100724501,-0.051630824766685124,0.32163800516033847,7.210217013519149,1.0,2.4588226159399356,252
0.5,2022,2.1340661575651567,2.385593611836246,0.19230679043921417,-0.04812135586583799,0.1511380219553553,7.024337801763247,1.0,2.1340661575651567,251
0.5,2023,-0.29393803859419315,0.8796923954721457,0.03925529105800618,-0.03999831782541541,0.08347655565399899,6.130647284540318,0.0,-0.29393803859419315,250
0.5,2024,-0.273163801418422,0.6561805675563456,0.03606956251983218,-0.08441573950564274,0.11037588575185621,9.83174057308711,0.0,-0.273163801418422,252
0.5,2025,0.9541068332831667,1.9051846401703187,0.08809298516219832,-0.04908976513977992,0.048424118627274845,7.24965316723143,1.0,0.9541068332831667,248
0.75,2017,0.9125320992485362,1.1115667506159366,0.05017104122214033,-0.033081772435282875,-0.09898469924490755,7.3345740244429205,1.0,0.9125320992485362,251
0.75,2018,2.4252040312524756,2.7175346582854063,0.19369663843842932,-0.04594556874221478,0.15996706248963644,11.594509558461503,1.0,2.4252040312524756,251
0.75,2019,-0.44494260395801405,0.0829723986217478,0.002552250057209049,-0.03304594018597651,-0.02959639482810062,7.091045242152308,0.0,-0.44494260395801405,252
0.75,2020,1.8867872512495618,1.9404932419421717,0.17299387964971902,-0.04071087340434831,0.05736895041854628,4.305293698805629,1.0,1.8867872512495618,253
0.75,2021,2.5380051677191435,2.542555097866952,0.2650618871097794,-0.05144066478975928,0.3081341934236455,6.918503196272335,1.0,2.5380051677191435,252
0.75,2022,2.1013117165056414,2.3463953868197236,0.19435944197854638,-0.04840491744869391,0.14717386638095695,7.086102196089606,1.0,2.1013117165056414,251
0.75,2023,-0.5693843069202558,0.5997483126135932,0.026400269230978157,-0.042460693606964584,0.07653380665233081,5.9555017331021745,0.0,-0.5693843069202558,250
0.75,2024,-0.5952839330252786,0.3759477212837819,0.019013845935464513,-0.08164560100078211,0.06513731394622811,9.251535331887858,0.0,-0.5952839330252786,252
0.75,2025,1.0963134644108328,1.972743588782163,0.0994457442513712,-0.03906104691783863,0.03526877803503404,8.91627404726513,1.0,1.0963134644108328,248
1.0,2017,1.2517191005482324,1.4419200942156007,0.069017682395635,-0.03182781843442817,-0.09029791218404365,7.453276964887146,1.0,1.2517191005482324,251
1.0,2018,1.94130821818836,2.1913195001044903,0.18034566739685287,-0.049442610245318375,0.19360814245292213,13.264970401086146,1.0,1.94130821818836,251
1.0,2019,-0.469535391782399,-0.024935802338253137,-0.002355383498111041,-0.03931194354365375,-0.004973166375531824,7.069719405416422,0.0,-0.469535391782399,252
1.0,2020,1.6928290391592136,1.7362685966325342,0.19097646744067198,-0.05367710620433608,0.04450782378758282,4.949991087512901,1.0,1.6928290391592136,253
1.0,2021,2.5822993391396714,2.586923509339024,0.26506104290183874,-0.0512940883539974,0.2946303816869526,7.018701982971756,1.0,2.5822993391396714,252
1.0,2022,2.0108210892251948,2.2430695850465363,0.1959042074732975,-0.04869128033763348,0.14320971080655853,7.411953018993517,1.0,2.0108210892251948,251
1.0,2023,-0.8042057594060559,0.3003301453749288,0.01330604250943801,-0.04631068076779099,0.06959105765066265,6.259985115167822,0.0,-0.8042057594060559,250
1.0,2024,-0.8563047277775331,0.057656697006568156,0.0016679279843843098,-0.07893747420054875,0.019898742140600043,8.853162601316727,0.0,-0.8563047277775331,252
1.0,2025,1.1181716609788044,1.86810196003622,0.11032865009417825,-0.031629717802081014,0.022113437442793246,10.977399788787745,1.0,1.1181716609788044,248
