period,adaptive_fraction,existing_fraction,sharpe_excess,sharpe_zero_rf,cagr,max_drawdown,average_exposure,annual_turnover,positive_year_fraction,worst_year_sharpe,days
2017–2025,0.0,1.0,1.1852837764060968,1.5509490325766049,0.10735221893996849,-0.09028128875976671,0.08978328843327738,8.269618072650074,0.7777777777777778,-0.26448355233011195,2260
2018–2024,0.0,1.0,1.4403593852233472,1.7851835877782665,0.13110826582144064,-0.09028128875976682,0.12252260742373289,8.456716571989817,0.8571428571428571,-0.1185350158579774,1761
2017–2025,0.25,0.75,1.2950268312298039,1.689327488109845,0.10893313842519392,-0.08733224113145444,0.08658823875909308,7.662312938142013,0.7777777777777778,-0.23432237279508955,2260
2018–2024,0.25,0.75,1.497096465809719,1.8660706615409821,0.1282632121785816,-0.08733224113145432,0.1190367066008722,7.709597727700744,0.7142857142857143,-0.23432237279508955,1761
2017–2025,0.5,0.5,1.3300339671127057,1.7307700699806703,0.1099741856910057,-0.08441573950564285,0.08339318908490877,7.35409102410221,0.6666666666666666,-0.36056109480615695,2260
2018–2024,0.5,0.5,1.4644003907313496,1.836996735075911,0.12483503965188048,-0.08441573950564274,0.11555080577801152,7.309997836868666,0.5714285714285714,-0.36056109480615695,1761
2017–2025,0.75,0.25,1.2736378442656118,1.6552837522735409,0.11024006640529938,-0.08164560100078244,0.08019813941072446,7.602192674089103,0.6666666666666666,-0.5952839330252786,2260
2018–2024,0.75,0.25,1.340327127297204,1.6941958921371756,0.12061798450989869,-0.08164560100078178,0.11206490495515085,7.455276206464763,0.5714285714285714,-0.5952839330252786,1761
2017–2025,1.0,0.0,1.1588083647719878,1.5049568953357741,0.10998691372248115,-0.07893747420054864,0.07700308973654016,8.133494970612558,0.6666666666666666,-0.8563047277775331,2260
2018–2024,1.0,0.0,1.1687020246650508,1.489939080958137,0.11590445930228155,-0.07893747420054897,0.10857900413229017,7.829943763644719,0.5714285714285714,-0.8563047277775331,1761
